,size,hour
count,1129.0,1129.0
mean,2285.573959255979,11.274579273693535
std,1438.7769931026705,7.140986508891672
min,0.0,0.0
25%,734.0,5.0
50%,2517.0,11.0
75%,3432.0,18.0
max,4918.0,23.0
